city,AQI,PM2.5,PM10,SO2,NO2,CO,CO3,main_pollution,time
北京市,83,61,81,3,47,0.9,29,PM2.5,2021-01-26 21:00:00
天津市,112,84,115,7,87,1.2,14,PM2.5,2021-01-26 21:00:00
石家庄市,132,100,154,24,47,1.9,58,PM2.5,2021-01-26 21:00:00
唐山市,91,63,131,12,76,1.1,13,PM10,2021-01-26 21:00:00
秦皇岛市,74,30,97,10,39,0.8,41,PM10,2021-01-26 21:00:00
邯郸市,152,116,168,38,58,1.9,46,PM2.5,2021-01-26 21:00:00
邢台市,128,97,140,17,67,1.8,38,PM2.5,2021-01-26 21:00:00
保定市,190,143,169,6,73,1.7,4,PM2.5,2021-01-26 21:00:00
承德市,53,26,55,10,43,0.9,34,PM10,2021-01-26 21:00:00
沧州市,264,214,287,16,100,2.1,12,PM2.5,2021-01-26 21:00:00
廊坊市,139,106,155,8,84,1.5,10,PM2.5,2021-01-26 21:00:00
衡水市,72,49,94,14,57,0.8,39,PM10,2021-01-26 21:00:00
张家口市,45,20,45,8,16,0.5,72,―,2021-01-26 21:00:00
雄安新区,190,143,197,8,72,1.8,5,PM2.5,2021-01-26 21:00:00
太原市,73,32,96,11,27,0.6,68,PM10,2021-01-26 21:00:00
大同市,83,37,115,36,37,0.8,36,PM10,2021-01-26 21:00:00
阳泉市,82,48,113,25,70,0.8,25,PM10,2021-01-26 21:00:00
长治市,77,54,104,27,75,1.7,16,PM10,2021-01-26 21:00:00
晋城市,84,58,118,19,47,1.3,44,PM10,2021-01-26 21:00:00
朔州市,91,43,131,29,39,0.9,35,PM10,2021-01-26 21:00:00
晋中市,94,46,137,38,74,1.0,8,PM10,2021-01-26 21:00:00
运城市,110,83,160,33,54,1.9,38,PM2.5,2021-01-26 21:00:00
忻州市,99,48,147,15,62,0.9,9,PM10,2021-01-26 21:00:00
临汾市,114,86,141,21,73,1.3,15,PM2.5,2021-01-26 21:00:00
吕梁市,106,55,162,14,71,0.8,2,PM10,2021-01-26 21:00:00
呼和浩特市,75,28,100,18,39,0.9,35,PM10,2021-01-26 21:00:00
包头市,71,21,92,13,56,0.9,26,PM10,2021-01-26 21:00:00
乌海市,131,37,212,28,70,1.0,7,PM10,2021-01-26 21:00:00
赤峰市,36,11,36,11,21,0.6,57,―,2021-01-26 21:00:00
通辽市,48,28,48,8,26,0.6,58,―,2021-01-26 21:00:00
鄂尔多斯市,103,30,155,9,50,0.8,33,PM10,2021-01-26 21:00:00
呼伦贝尔市,31,18,31,4,7,0.4,71,―,2021-01-26 21:00:00
巴彦淖尔市,60,22,70,12,18,0.6,60,PM10,2021-01-26 21:00:00
乌兰察布市,61,19,72,19,43,0.8,37,PM10,2021-01-26 21:00:00
兴安盟,33,21,33,5,8,0.3,61,―,2021-01-26 21:00:00
锡林郭勒盟,22,5,14,5,4,0.4,68,―,2021-01-26 21:00:00
阿拉善盟,―,―,―,5,8,0.5,80,―,2021-01-26 21:00:00
沈阳市,268,218,266,18,85,2.7,11,PM2.5,2021-01-26 21:00:00
大连市,137,104,151,14,61,1.6,38,PM2.5,2021-01-26 21:00:00
瓦房店市,―,―,―,―,―,―,―,―,2021-01-26 21:00:00
鞍山市,276,226,285,9,83,3.8,19,PM2.5,2021-01-26 21:00:00
抚顺市,275,225,271,22,94,3.0,9,PM2.5,2021-01-26 21:00:00
本溪市,88,65,95,8,50,1.2,27,PM2.5,2021-01-26 21:00:00
丹东市,55,30,60,16,20,0.8,72,PM10,2021-01-26 21:00:00
锦州市,112,84,78,15,54,1.7,35,PM2.5,2021-01-26 21:00:00
营口市,172,130,145,14,58,3.0,32,PM2.5,2021-01-26 21:00:00
阜新市,53,15,55,11,21,0.5,59,PM10,2021-01-26 21:00:00
辽阳市,344,294,366,22,117,6.4,4,PM2.5,2021-01-26 21:00:00
盘锦市,140,107,104,30,50,2.1,39,PM2.5,2021-01-26 21:00:00
铁岭市,321,271,282,11,95,2.3,16,PM2.5,2021-01-26 21:00:00
朝阳市,43,16,43,8,22,0.6,54,―,2021-01-26 21:00:00
葫芦岛市,223,173,182,37,75,3.2,14,PM2.5,2021-01-26 21:00:00
长春市,48,29,48,16,35,0.7,47,―,2021-01-26 21:00:00
吉林市,51,35,51,11,28,0.7,70,PM10,2021-01-26 21:00:00
四平市,56,34,62,12,23,0.5,56,PM10,2021-01-26 21:00:00
辽源市,72,52,60,21,19,1.0,60,PM2.5,2021-01-26 21:00:00
通化市,50,35,48,14,20,1.0,62,―,2021-01-26 21:00:00
白山市,57,26,63,17,10,1.3,70,PM10,2021-01-26 21:00:00
松原市,53,8,56,6,10,0.4,56,PM10,2021-01-26 21:00:00
白城市,44,26,44,10,4,0.2,62,―,2021-01-26 21:00:00
延边州,57,19,63,9,10,0.4,84,PM10,2021-01-26 21:00:00
哈尔滨市,159,121,154,27,36,1.3,81,PM2.5,2021-01-26 21:00:00
齐齐哈尔市,50,35,44,12,9,0.5,56,―,2021-01-26 21:00:00
鸡西市,183,138,170,35,69,1.8,19,PM2.5,2021-01-26 21:00:00
鹤岗市,88,46,125,9,33,1.1,23,PM10,2021-01-26 21:00:00
双鸭山市,144,110,143,18,43,1.1,29,PM2.5,2021-01-26 21:00:00
大庆市,61,42,71,13,26,0.7,46,PM10,2021-01-26 21:00:00
伊春市,108,81,99,14,36,1.0,41,PM2.5,2021-01-26 21:00:00
佳木斯市,99,74,88,18,35,1.0,21,PM2.5,2021-01-26 21:00:00
七台河市,209,159,209,15,79,1.8,22,PM2.5,2021-01-26 21:00:00
牡丹江市,112,84,111,16,51,1.1,53,PM2.5,2021-01-26 21:00:00
黑河市,47,28,47,20,25,0.6,42,―,2021-01-26 21:00:00
绥化市,134,102,117,8,18,1.0,74,PM2.5,2021-01-26 21:00:00
大兴安岭地区,17,6,17,4,8,0.4,46,―,2021-01-26 21:00:00
上海市,39,27,21,4,36,0.8,45,―,2021-01-26 21:00:00
南京市,103,77,87,4,50,1.8,6,PM2.5,2021-01-26 21:00:00
无锡市,62,44,49,4,48,2.0,2,PM2.5,2021-01-26 21:00:00
江阴市,74,54,65,6,40,1.2,21,PM2.5,2021-01-26 21:00:00
宜兴市,55,39,60,8,38,1.9,11,"PM10,PM2.5",2021-01-26 21:00:00
徐州市,152,116,161,8,72,1.9,16,PM2.5,2021-01-26 21:00:00
常州市,75,55,63,5,50,1.8,6,PM2.5,2021-01-26 21:00:00
溧阳市,99,74,86,5,38,1.8,6,PM2.5,2021-01-26 21:00:00
金坛市,78,57,58,6,45,2.0,4,PM2.5,2021-01-26 21:00:00
苏州市,58,41,45,4,47,2.0,2,PM2.5,2021-01-26 21:00:00
常熟市,53,37,41,7,29,0.7,43,PM2.5,2021-01-26 21:00:00
张家港市,68,49,39,5,28,1.1,36,PM2.5,2021-01-26 21:00:00
昆山市,43,30,36,5,52,1.1,19,―,2021-01-26 21:00:00
吴江市,60,43,52,6,44,1.5,2,PM2.5,2021-01-26 21:00:00
太仓市,32,22,25,5,22,0.6,55,―,2021-01-26 21:00:00
南通市,64,46,34,4,18,0.9,48,PM2.5,2021-01-26 21:00:00
海门市,45,31,30,5,14,0.7,66,―,2021-01-26 21:00:00
连云港市,137,104,122,17,68,1.3,29,PM2.5,2021-01-26 21:00:00
淮安市,124,94,99,4,56,1.6,17,PM2.5,2021-01-26 21:00:00
盐城市,102,76,96,3,38,0.8,61,PM2.5,2021-01-26 21:00:00
扬州市,53,37,41,5,26,0.8,34,PM2.5,2021-01-26 21:00:00
镇江市,55,39,45,2,32,0.8,18,PM2.5,2021-01-26 21:00:00
句容市,97,72,92,8,45,1.6,3,PM2.5,2021-01-26 21:00:00
泰州市,55,39,46,4,26,0.7,32,PM2.5,2021-01-26 21:00:00
宿迁市,119,90,90,4,49,1.1,20,PM2.5,2021-01-26 21:00:00
杭州市,68,49,73,4,30,1.2,28,PM2.5,2021-01-26 21:00:00
富阳市,54,38,58,5,15,1.1,26,"PM10,PM2.5",2021-01-26 21:00:00
临安市,55,22,60,2,22,1.3,41,PM10,2021-01-26 21:00:00
宁波市,65,47,66,9,45,1.6,3,PM2.5,2021-01-26 21:00:00
温州市,29,17,29,5,40,0.8,8,―,2021-01-26 21:00:00
嘉兴市,54,38,48,5,47,1.6,5,PM2.5,2021-01-26 21:00:00
湖州市,80,59,75,3,34,1.3,18,PM2.5,2021-01-26 21:00:00
诸暨市,62,44,48,6,31,1.0,17,PM2.5,2021-01-26 21:00:00
金华市,25,17,22,5,44,1.0,3,―,2021-01-26 21:00:00
义乌市,19,13,16,6,34,0.9,18,―,2021-01-26 21:00:00
衢州市,39,27,36,4,38,1.3,13,―,2021-01-26 21:00:00
舟山市,26,18,25,5,46,1.7,4,―,2021-01-26 21:00:00
台州市,34,15,34,4,28,0.8,32,―,2021-01-26 21:00:00
丽水市,11,4,11,6,17,0.7,27,―,2021-01-26 21:00:00
绍兴市,67,48,71,5,39,1.4,13,PM2.5,2021-01-26 21:00:00
合肥市,165,125,103,5,53,1.3,10,PM2.5,2021-01-26 21:00:00
芜湖市,169,128,123,6,44,1.4,9,PM2.5,2021-01-26 21:00:00
蚌埠市,144,110,126,12,62,1.8,11,PM2.5,2021-01-26 21:00:00
淮南市,149,114,126,5,54,1.5,22,PM2.5,2021-01-26 21:00:00
马鞍山市,139,106,82,13,47,1.9,3,PM2.5,2021-01-26 21:00:00
淮北市,137,104,159,6,64,1.4,39,PM2.5,2021-01-26 21:00:00
铜陵市,166,126,158,10,34,1.4,29,PM2.5,2021-01-26 21:00:00
安庆市,172,130,131,16,31,1.3,43,PM2.5,2021-01-26 21:00:00
黄山市,62,44,55,9,15,1.0,50,PM2.5,2021-01-26 21:00:00
滁州市,130,99,124,6,56,1.9,8,PM2.5,2021-01-26 21:00:00
阜阳市,144,110,140,7,53,1.1,58,PM2.5,2021-01-26 21:00:00
宿州市,113,85,106,7,57,1.4,25,PM2.5,2021-01-26 21:00:00
六安市,158,120,163,6,46,1.4,49,PM2.5,2021-01-26 21:00:00
亳州市,134,102,144,10,36,1.4,63,PM2.5,2021-01-26 21:00:00
池州市,183,138,158,6,30,1.1,33,PM2.5,2021-01-26 21:00:00
宣城市,180,136,86,5,35,1.4,40,PM2.5,2021-01-26 21:00:00
福州市,41,26,41,5,32,0.7,44,―,2021-01-26 21:00:00
厦门市,32,18,32,6,19,0.5,74,―,2021-01-26 21:00:00
莆田市,48,26,48,5,20,0.4,67,―,2021-01-26 21:00:00
三明市,38,20,38,17,39,0.9,12,―,2021-01-26 21:00:00
泉州市,44,20,44,4,18,0.4,74,―,2021-01-26 21:00:00
漳州市,51,26,51,5,29,0.4,79,PM10,2021-01-26 21:00:00
南平市,26,18,26,7,15,0.8,36,―,2021-01-26 21:00:00
龙岩市,42,29,40,5,21,0.8,54,―,2021-01-26 21:00:00
宁德市,48,28,48,4,22,0.4,43,―,2021-01-26 21:00:00
南昌市,152,116,147,4,40,1.2,36,PM2.5,2021-01-26 21:00:00
景德镇市,55,38,60,7,31,1.0,26,PM10,2021-01-26 21:00:00
萍乡市,147,112,124,12,31,1.8,35,PM2.5,2021-01-26 21:00:00
九江市,127,96,129,4,39,1.1,19,PM2.5,2021-01-26 21:00:00
新余市,52,34,54,6,35,1.1,17,PM10,2021-01-26 21:00:00
鹰潭市,107,80,48,8,36,1.0,39,PM2.5,2021-01-26 21:00:00
赣州市,30,19,30,4,18,1.2,48,―,2021-01-26 21:00:00
吉安市,52,35,53,8,26,1.1,26,PM10,2021-01-26 21:00:00
宜春市,98,73,97,9,45,1.5,26,PM2.5,2021-01-26 21:00:00
抚州市,72,52,69,6,18,1.2,58,PM2.5,2021-01-26 21:00:00
上饶市,83,61,72,7,32,1.3,28,PM2.5,2021-01-26 21:00:00
赣江新区,165,125,174,6,44,1.6,24,PM2.5,2021-01-26 21:00:00
济南市,152,116,179,30,83,1.8,23,PM2.5,2021-01-26 21:00:00
章丘市,115,87,130,9,67,1.3,29,PM2.5,2021-01-26 21:00:00
青岛市,166,126,172,14,82,2.0,29,PM2.5,2021-01-26 21:00:00
胶州市,155,118,154,16,54,1.6,56,PM2.5,2021-01-26 21:00:00
即墨市,201,151,196,12,67,2.3,15,PM2.5,2021-01-26 21:00:00
平度市,198,148,179,13,72,2.3,9,PM2.5,2021-01-26 21:00:00
胶南市,202,152,190,18,73,1.8,42,PM2.5,2021-01-26 21:00:00
莱西市,204,154,178,13,62,2.2,9,PM2.5,2021-01-26 21:00:00
淄博市,196,147,207,39,85,2.0,15,PM2.5,2021-01-26 21:00:00
枣庄市,145,111,167,11,60,1.2,42,PM2.5,2021-01-26 21:00:00
东营市,120,91,184,15,81,1.4,14,PM2.5,2021-01-26 21:00:00
烟台市,143,109,162,23,83,1.8,21,PM2.5,2021-01-26 21:00:00
莱州市,212,162,210,40,82,3.4,4,PM2.5,2021-01-26 21:00:00
蓬莱市,―,―,―,―,―,―,―,―,2021-01-26 21:00:00
招远市,223,173,213,14,96,2.3,5,PM2.5,2021-01-26 21:00:00
潍坊市,221,171,222,12,98,2.0,8,PM2.5,2021-01-26 21:00:00
寿光市,238,188,274,48,85,2.6,3,PM2.5,2021-01-26 21:00:00
济宁市,142,108,162,20,72,2.0,44,PM2.5,2021-01-26 21:00:00
泰安市,103,77,113,20,48,1.0,60,PM2.5,2021-01-26 21:00:00
威海市,123,93,114,4,54,2.0,37,PM2.5,2021-01-26 21:00:00
文登市,92,68,108,4,48,1.9,40,PM2.5,2021-01-26 21:00:00
荣成市,97,72,127,6,48,1.8,39,PM2.5,2021-01-26 21:00:00
乳山市,93,69,93,8,45,2.2,44,PM2.5,2021-01-26 21:00:00
日照市,162,123,167,12,62,1.5,46,PM2.5,2021-01-26 21:00:00
临沂市,120,91,134,22,63,1.4,42,PM2.5,2021-01-26 21:00:00
德州市,255,205,274,19,66,2.0,42,PM2.5,2021-01-26 21:00:00
聊城市,198,148,209,19,85,1.5,33,PM2.5,2021-01-26 21:00:00
滨州市,210,160,224,18,92,2.0,18,PM2.5,2021-01-26 21:00:00
菏泽市,185,139,202,22,60,1.6,60,PM2.5,2021-01-26 21:00:00
郑州市,135,103,139,12,54,1.0,64,PM2.5,2021-01-26 21:00:00
开封市,180,136,182,14,66,1.2,59,PM2.5,2021-01-26 21:00:00
洛阳市,78,48,106,8,72,0.8,21,PM10,2021-01-26 21:00:00
平顶山市,152,116,160,14,47,1.1,68,PM2.5,2021-01-26 21:00:00
安阳市,182,137,183,15,48,1.8,64,PM2.5,2021-01-26 21:00:00
鹤壁市,158,120,167,16,47,1.3,65,PM2.5,2021-01-26 21:00:00
新乡市,159,121,183,18,60,1.4,62,PM2.5,2021-01-26 21:00:00
焦作市,123,93,157,14,47,1.0,55,PM2.5,2021-01-26 21:00:00
濮阳市,137,104,150,8,74,1.5,31,PM2.5,2021-01-26 21:00:00
许昌市,183,138,136,13,51,1.3,62,PM2.5,2021-01-26 21:00:00
漯河市,200,150,198,13,81,1.6,34,PM2.5,2021-01-26 21:00:00
三门峡市,96,54,141,12,67,1.2,17,PM10,2021-01-26 21:00:00
南阳市,140,107,182,10,85,1.8,11,PM2.5,2021-01-26 21:00:00
商丘市,180,136,193,9,84,1.7,24,PM2.5,2021-01-26 21:00:00
信阳市,178,134,177,6,58,1.6,58,PM2.5,2021-01-26 21:00:00
周口市,242,192,210,11,72,1.9,40,PM2.5,2021-01-26 21:00:00
驻马店市,179,135,181,7,79,1.6,21,PM2.5,2021-01-26 21:00:00
武汉市,163,124,147,7,76,1.4,13,PM2.5,2021-01-26 21:00:00
黄石市,163,124,159,10,56,1.8,24,PM2.5,2021-01-26 21:00:00
十堰市,72,52,88,5,34,0.8,61,PM2.5,2021-01-26 21:00:00
宜昌市,90,67,101,6,36,1.0,43,PM2.5,2021-01-26 21:00:00
襄阳市,97,72,120,10,58,1.0,34,PM2.5,2021-01-26 21:00:00
鄂州市,163,124,164,5,34,1.3,40,PM2.5,2021-01-26 21:00:00
荆门市,119,90,121,4,59,1.0,26,PM2.5,2021-01-26 21:00:00
孝感市,122,92,136,4,36,1.6,28,PM2.5,2021-01-26 21:00:00
荆州市,105,79,147,7,66,1.4,21,PM2.5,2021-01-26 21:00:00
黄冈市,137,104,143,11,35,1.4,40,PM2.5,2021-01-26 21:00:00
咸宁市,149,114,126,6,40,1.2,31,PM2.5,2021-01-26 21:00:00
随州市,152,108,254,9,74,2.0,10,PM10,2021-01-26 21:00:00
恩施州,54,38,58,6,27,1.2,15,"PM10,PM2.5",2021-01-26 21:00:00
长沙市,143,109,78,6,35,1.2,52,PM2.5,2021-01-26 21:00:00
株洲市,169,128,148,6,43,1.1,46,PM2.5,2021-01-26 21:00:00
湘潭市,147,112,108,6,42,1.3,42,PM2.5,2021-01-26 21:00:00
衡阳市,153,117,124,8,32,1.5,53,PM2.5,2021-01-26 21:00:00
邵阳市,134,102,114,11,30,1.3,65,PM2.5,2021-01-26 21:00:00
岳阳市,118,89,116,9,38,1.2,44,PM2.5,2021-01-26 21:00:00
常德市,105,79,58,6,24,1.5,37,PM2.5,2021-01-26 21:00:00
张家界市,68,49,76,2,17,0.7,59,PM2.5,2021-01-26 21:00:00
益阳市,128,97,111,3,30,1.7,22,PM2.5,2021-01-26 21:00:00
郴州市,97,72,75,4,26,1.2,48,PM2.5,2021-01-26 21:00:00
永州市,122,92,113,10,39,1.2,62,PM2.5,2021-01-26 21:00:00
怀化市,84,62,78,9,30,1.0,29,PM2.5,2021-01-26 21:00:00
娄底市,109,82,131,3,28,1.0,68,PM2.5,2021-01-26 21:00:00
湘西州,63,44,76,10,30,1.2,45,PM10,2021-01-26 21:00:00
广州市,54,32,58,8,40,1.0,53,PM10,2021-01-26 21:00:00
韶关市,53,37,47,4,24,1.2,32,PM2.5,2021-01-26 21:00:00
深圳市,103,77,129,7,97,1.0,59,PM2.5,2021-01-26 21:00:00
珠海市,84,62,99,5,71,0.8,74,PM2.5,2021-01-26 21:00:00
汕头市,59,42,39,8,26,0.6,116,PM2.5,2021-01-26 21:00:00
佛山市,54,28,57,5,35,0.9,64,PM10,2021-01-26 21:00:00
江门市,71,38,91,7,67,1.1,58,PM10,2021-01-26 21:00:00
湛江市,52,36,50,5,31,0.6,84,PM2.5,2021-01-26 21:00:00
茂名市,47,27,47,9,27,0.7,88,―,2021-01-26 21:00:00
肇庆市,34,21,34,6,27,0.9,68,―,2021-01-26 21:00:00
惠州市,67,48,78,8,44,0.8,80,PM2.5,2021-01-26 21:00:00
梅州市,46,32,35,5,20,0.9,52,―,2021-01-26 21:00:00
汕尾市,54,38,46,8,44,0.8,101,PM2.5,2021-01-26 21:00:00
河源市,42,26,42,6,19,1.1,74,―,2021-01-26 21:00:00
阳江市,45,31,43,4,15,0.7,117,―,2021-01-26 21:00:00
清远市,40,23,40,10,24,1.2,65,―,2021-01-26 21:00:00
东莞市,53,32,56,12,46,1.0,60,PM10,2021-01-26 21:00:00
中山市,72,42,94,4,54,1.1,74,PM10,2021-01-26 21:00:00
潮州市,74,54,62,14,28,0.7,101,PM2.5,2021-01-26 21:00:00
揭阳市,69,50,73,12,33,1.3,88,PM2.5,2021-01-26 21:00:00
云浮市,58,41,66,8,26,0.9,74,"PM10,PM2.5",2021-01-26 21:00:00
南宁市,59,42,66,9,38,1.2,49,PM2.5,2021-01-26 21:00:00
柳州市,64,46,57,10,22,1.1,54,PM2.5,2021-01-26 21:00:00
桂林市,85,63,75,12,21,1.3,80,PM2.5,2021-01-26 21:00:00
梧州市,46,22,46,10,18,1.1,54,―,2021-01-26 21:00:00
北海市,98,73,92,8,28,1.1,93,PM2.5,2021-01-26 21:00:00
防城港市,92,62,133,12,47,1.1,66,PM10,2021-01-26 21:00:00
钦州市,93,69,109,13,36,1.3,70,PM2.5,2021-01-26 21:00:00
贵港市,57,40,57,2,31,1.2,34,PM2.5,2021-01-26 21:00:00
玉林市,77,56,79,8,24,1.2,68,PM2.5,2021-01-26 21:00:00
百色市,52,35,53,10,19,1.1,51,PM10,2021-01-26 21:00:00
贺州市,41,27,41,6,17,1.0,50,―,2021-01-26 21:00:00
河池市,57,40,48,8,20,1.1,44,PM2.5,2021-01-26 21:00:00
来宾市,57,38,64,13,31,1.2,34,PM10,2021-01-26 21:00:00
崇左市,73,48,96,8,26,1.2,50,PM10,2021-01-26 21:00:00
海口市,30,19,30,3,14,0.6,76,―,2021-01-26 21:00:00
三亚市,30,14,30,3,6,0.5,83,―,2021-01-26 21:00:00
儋州市,46,20,46,2,14,0.6,73,―,2021-01-26 21:00:00
重庆市,79,58,84,9,46,1.1,11,PM2.5,2021-01-26 21:00:00
成都市,95,71,110,5,47,0.9,40,PM2.5,2021-01-26 21:00:00
自贡市,107,80,121,9,63,1.0,12,PM2.5,2021-01-26 21:00:00
攀枝花市,117,88,114,18,78,1.4,28,PM2.5,2021-01-26 21:00:00
泸州市,98,73,99,11,50,1.2,6,PM2.5,2021-01-26 21:00:00
德阳市,87,64,99,4,57,1.0,29,PM2.5,2021-01-26 21:00:00
绵阳市,79,58,108,8,62,1.0,34,"PM10,PM2.5",2021-01-26 21:00:00
广元市,63,45,76,8,22,0.8,62,"PM10,PM2.5",2021-01-26 21:00:00
遂宁市,77,54,103,8,55,1.2,40,PM10,2021-01-26 21:00:00
内江市,112,84,98,10,58,1.6,21,PM2.5,2021-01-26 21:00:00
乐山市,99,74,122,8,51,0.9,26,PM2.5,2021-01-26 21:00:00
南充市,97,72,94,7,24,1.3,33,PM2.5,2021-01-26 21:00:00
眉山市,74,54,94,10,42,0.9,43,PM2.5,2021-01-26 21:00:00
宜宾市,112,84,102,9,57,1.1,1,PM2.5,2021-01-26 21:00:00
广安市,78,57,70,4,33,1.3,12,PM2.5,2021-01-26 21:00:00
达州市,105,79,98,12,37,1.2,24,PM2.5,2021-01-26 21:00:00
雅安市,83,61,101,7,51,1.0,18,PM2.5,2021-01-26 21:00:00
巴中市,98,73,113,4,50,1.1,10,PM2.5,2021-01-26 21:00:00
资阳市,73,53,84,5,36,1.1,47,PM2.5,2021-01-26 21:00:00
阿坝州,72,52,56,16,20,1.3,36,PM2.5,2021-01-26 21:00:00
甘孜州,24,16,24,6,9,0.4,74,―,2021-01-26 21:00:00
凉山州,82,60,85,20,30,0.8,80,PM2.5,2021-01-26 21:00:00
贵阳市,43,30,39,11,30,1.0,23,―,2021-01-26 21:00:00
六盘水市,43,30,32,6,19,1.0,38,―,2021-01-26 21:00:00
遵义市,52,36,51,15,23,0.8,56,PM2.5,2021-01-26 21:00:00
安顺市,15,10,15,15,15,1.0,36,―,2021-01-26 21:00:00
铜仁地区,79,58,89,4,34,0.9,33,PM2.5,2021-01-26 21:00:00
黔西南州,63,45,52,4,16,1.0,34,PM2.5,2021-01-26 21:00:00
毕节市,17,10,14,8,16,0.8,52,―,2021-01-26 21:00:00
黔东南州,49,34,44,22,21,1.3,42,―,2021-01-26 21:00:00
黔南州,40,28,36,11,12,1.2,36,―,2021-01-26 21:00:00
昆明市,51,30,52,7,23,0.5,74,PM10,2021-01-26 21:00:00
曲靖市,43,20,43,6,16,0.4,83,―,2021-01-26 21:00:00
玉溪市,58,41,57,9,31,0.8,79,PM2.5,2021-01-26 21:00:00
保山市,35,24,33,4,11,0.6,68,―,2021-01-26 21:00:00
昭通市,57,38,64,8,24,0.8,48,PM10,2021-01-26 21:00:00
丽江市,25,14,10,5,5,0.2,77,―,2021-01-26 21:00:00
普洱市,64,46,78,5,24,0.8,76,"PM10,PM2.5",2021-01-26 21:00:00
临沧市,62,44,50,8,39,1.1,47,PM2.5,2021-01-26 21:00:00
楚雄州,56,34,62,18,46,1.2,34,PM10,2021-01-26 21:00:00
红河州,78,57,66,7,11,0.7,83,PM2.5,2021-01-26 21:00:00
文山州,63,45,49,7,12,0.6,88,PM2.5,2021-01-26 21:00:00
西双版纳州,84,58,118,10,44,1.6,46,PM10,2021-01-26 21:00:00
大理州,28,13,24,6,6,0.7,88,―,2021-01-26 21:00:00
德宏州,77,54,103,4,46,1.0,61,PM10,2021-01-26 21:00:00
怒江州,69,49,88,8,38,1.5,32,PM10,2021-01-26 21:00:00
迪庆州,28,16,10,4,6,0.5,88,―,2021-01-26 21:00:00
拉萨市,60,16,70,4,9,0.5,76,PM10,2021-01-26 21:00:00
昌都市,32,22,29,13,30,1.0,48,―,2021-01-26 21:00:00
山南市,85,24,120,5,4,0.4,72,PM10,2021-01-26 21:00:00
日喀则市,32,8,32,4,6,0.4,84,―,2021-01-26 21:00:00
那曲市,23,16,16,6,12,1.0,66,―,2021-01-26 21:00:00
阿里地区,26,4,10,8,4,0.5,83,―,2021-01-26 21:00:00
林芝市,25,10,18,8,4,0.4,78,―,2021-01-26 21:00:00
西安市,105,79,153,11,59,1.0,37,PM2.5,2021-01-26 21:00:00
铜川市,123,93,149,42,70,1.2,23,PM2.5,2021-01-26 21:00:00
宝鸡市,135,103,198,8,58,0.9,29,PM2.5,2021-01-26 21:00:00
咸阳市,99,74,147,12,56,0.9,42,"PM10,PM2.5",2021-01-26 21:00:00
渭南市,109,82,165,13,80,1.1,12,PM2.5,2021-01-26 21:00:00
延安市,105,79,149,16,79,1.9,12,PM2.5,2021-01-26 21:00:00
汉中市,130,99,120,11,54,1.6,16,PM2.5,2021-01-26 21:00:00
榆林市,90,48,130,11,50,0.6,37,PM10,2021-01-26 21:00:00
安康市,68,47,86,6,41,1.2,19,PM10,2021-01-26 21:00:00
商洛市,57,30,64,18,50,0.6,48,PM10,2021-01-26 21:00:00
西咸新区,104,75,157,10,64,0.9,27,PM10,2021-01-26 21:00:00
兰州市,103,63,156,14,86,1.2,17,PM10,2021-01-26 21:00:00
嘉峪关市,110,43,170,13,25,0.5,57,PM10,2021-01-26 21:00:00
金昌市,114,34,177,12,24,0.9,52,PM10,2021-01-26 21:00:00
白银市,98,50,146,15,44,0.6,35,PM10,2021-01-26 21:00:00
天水市,91,40,132,15,30,0.8,70,PM10,2021-01-26 21:00:00
武威市,165,124,279,16,47,1.1,24,PM10,2021-01-26 21:00:00
张掖市,80,39,110,14,38,0.5,40,PM10,2021-01-26 21:00:00
平凉市,81,35,112,21,56,1.2,32,PM10,2021-01-26 21:00:00
酒泉市,134,48,218,7,50,0.8,42,PM10,2021-01-26 21:00:00
庆阳市,63,32,76,14,20,0.8,68,PM10,2021-01-26 21:00:00
定西市,97,50,144,18,52,1.1,29,PM10,2021-01-26 21:00:00
陇南市,62,30,74,13,42,0.6,44,PM10,2021-01-26 21:00:00
临夏州,53,18,56,8,50,1.4,22,PM10,2021-01-26 21:00:00
甘南州,67,33,83,21,26,0.6,66,PM10,2021-01-26 21:00:00
兰州新区,88,42,125,26,27,0.6,56,PM10,2021-01-26 21:00:00
西宁市,99,74,123,19,51,1.0,46,PM2.5,2021-01-26 21:00:00
海东地区,113,85,130,21,38,0.9,48,PM2.5,2021-01-26 21:00:00
海北州,53,22,56,15,6,0.4,82,PM10,2021-01-26 21:00:00
黄南州,80,36,109,16,15,0.4,57,PM10,2021-01-26 21:00:00
海南州,70,35,90,10,44,1.0,20,PM10,2021-01-26 21:00:00
果洛州,54,25,57,22,8,0.5,81,PM10,2021-01-26 21:00:00
玉树州,26,9,26,20,26,0.6,36,―,2021-01-26 21:00:00
海西州,54,20,58,19,42,1.2,37,PM10,2021-01-26 21:00:00
银川市,120,56,190,18,59,0.9,18,PM10,2021-01-26 21:00:00
石嘴山市,139,80,228,177,82,1.8,13,PM10,2021-01-26 21:00:00
吴忠市,155,79,259,20,52,1.0,28,PM10,2021-01-26 21:00:00
固原市,75,49,100,11,35,0.7,57,PM10,2021-01-26 21:00:00
中卫市,165,82,279,19,73,1.0,18,PM10,2021-01-26 21:00:00
乌鲁木齐市,88,65,64,5,71,1.2,26,PM2.5,2021-01-26 21:00:00
克拉玛依市,28,19,25,3,25,0.4,53,―,2021-01-26 21:00:00
吐鲁番地区,117,88,125,16,54,2.1,32,PM2.5,2021-01-26 21:00:00
哈密地区,51,16,51,2,18,0.5,58,PM10,2021-01-26 21:00:00
昌吉州,73,53,62,8,33,1.0,59,PM2.5,2021-01-26 21:00:00
博州,42,21,42,10,47,0.6,31,―,2021-01-26 21:00:00
库尔勒市,109,45,168,4,42,0.8,38,PM10,2021-01-26 21:00:00
阿克苏地区,102,46,154,13,67,0.4,41,PM10,2021-01-26 21:00:00
克州,111,44,172,4,30,1.5,59,PM10,2021-01-26 21:00:00
喀什地区,126,70,201,9,51,1.4,54,PM10,2021-01-26 21:00:00
和田地区,134,44,218,28,59,1.4,42,PM10,2021-01-26 21:00:00
伊犁哈萨克州,110,83,104,36,89,2.5,41,PM2.5,2021-01-26 21:00:00
塔城地区,23,6,23,2,14,0.5,70,―,2021-01-26 21:00:00
阿勒泰地区,15,6,14,2,29,0.2,35,―,2021-01-26 21:00:00
石河子市,95,71,81,6,55,1.1,32,PM2.5,2021-01-26 21:00:00
五家渠市,105,79,94,8,50,1.0,40,PM2.5,2021-01-26 21:00:00
